_id,name,time
28ee4e3e60080c8d00419c3578cd1326,wuhao,2020-11-10T10:57:09.000Z
3b020ca360082add003c06fa1847d905,绿绿,2020-11-09T13:06:34.000Z
28ee4e3e6008338d00476b8872e722c0,fan,2020-11-10T13:43:32.000Z
1526e12a600833ac00348ea33ab317c4,zhangt,2020-11-10T13:44:10.000Z
b00064a76008340d0044a4022e1308ef,inherit-Sage-lore,2020-11-10T13:45:21.000Z
1526e12a6008342c0034976e22b9b757,如假不包换的杨洋,2020-11-10T13:46:13.000Z
1526e12a600837120034caaa5bbb50df,一瓶氩气,2020-11-10T13:58:36.000Z
3b020ca36008372c003d38be6e37aa1d,姗-,2020-11-10T13:58:56.000Z
b00064a7600837440044f023403c6a9e,Charles,2020-11-10T13:59:29.000Z
3b020ca360083761003d3d184fbf633e,喵,2021-01-12T13:59:48.000Z
28ee4e3e600837740047d11269edef9c,风未止，叶未落,2020-11-13T14:00:16.000Z
28ee4e3e600837880047d77077a43ee1,葱姜水暖加笋片,2020-11-16T14:00:33.000Z
3b020ca36008379c003d4d17073fdde8,Rayi,2021-01-03T14:00:58.000Z
b00064a7600837b200450a4a67bddcb2,。,2021-01-03T14:01:15.000Z
28ee4e3e600837c60047dd236cfb725a,写bug的,2021-01-15T14:01:39.000Z
